{
  "format": "web-program-pre1",
  "manifest": [
    {
      "path": "7f9f1bfe9c1ea86b201e846db1c56e6b82e41b14.js",
      "where": "client",
      "type": "js",
      "cacheable": true,
      "url": "/7f9f1bfe9c1ea86b201e846db1c56e6b82e41b14.js?meteor_js_resource=true",
      "size": 505284,
      "hash": "7f9f1bfe9c1ea86b201e846db1c56e6b82e41b14"
    },
    {
      "path": "7f9f1bfe9c1ea86b201e846db1c56e6b82e41b14.stats.json",
      "where": "client",
      "type": "json",
      "cacheable": true,
      "url": "/7f9f1bfe9c1ea86b201e846db1c56e6b82e41b14.stats.json?meteor_js_resource=true",
      "size": 23982,
      "hash": "d4ca4c6e2f8e7d25c23c2c2661634e1c59bb1f51"
    },
    {
      "path": "1d6ae98d42f808bbae3ef7f1bf284c4968836669.css",
      "where": "client",
      "type": "css",
      "cacheable": true,
      "url": "/1d6ae98d42f808bbae3ef7f1bf284c4968836669.css?meteor_css_resource=true",
      "size": 0,
      "hash": "1d6ae98d42f808bbae3ef7f1bf284c4968836669"
    },
    {
      "path": "packages/es5-shim/es5-shim-sham.js",
      "where": "client",
      "type": "asset",
      "cacheable": false,
      "url": "/packages/es5-shim/es5-shim-sham.js",
      "size": 107174,
      "hash": "c75e7bf8f84078ec1aac4edd37d060bb60ef8fc2"
    },
    {
      "path": "packages/es5-shim/es5-shim-sham.min.js",
      "where": "client",
      "type": "asset",
      "cacheable": false,
      "url": "/packages/es5-shim/es5-shim-sham.min.js",
      "size": 27347,
      "hash": "f611834e690a71f04d03591a455670d90218faaa"
    },
    {
      "path": "head.html",
      "where": "internal",
      "type": "head",
      "hash": "725ea966aff1e70e5be942d9040b5a4cc11300df"
    }
  ]
}