{
  "format": "web-program-pre1",
  "manifest": [
    {
      "path": "7e5596d87bdc95abf261fea7dab6d003fe5da16c.js",
      "where": "client",
      "type": "js",
      "cacheable": true,
      "url": "/7e5596d87bdc95abf261fea7dab6d003fe5da16c.js?meteor_js_resource=true",
      "size": 504998,
      "hash": "7e5596d87bdc95abf261fea7dab6d003fe5da16c"
    },
    {
      "path": "7e5596d87bdc95abf261fea7dab6d003fe5da16c.stats.json",
      "where": "client",
      "type": "json",
      "cacheable": true,
      "url": "/7e5596d87bdc95abf261fea7dab6d003fe5da16c.stats.json?meteor_js_resource=true",
      "size": 23981,
      "hash": "19e85cf439206e693e3e6bc31d590fca204e8f35"
    },
    {
      "path": "1d6ae98d42f808bbae3ef7f1bf284c4968836669.css",
      "where": "client",
      "type": "css",
      "cacheable": true,
      "url": "/1d6ae98d42f808bbae3ef7f1bf284c4968836669.css?meteor_css_resource=true",
      "size": 0,
      "hash": "1d6ae98d42f808bbae3ef7f1bf284c4968836669"
    },
    {
      "path": "packages/es5-shim/es5-shim-sham.js",
      "where": "client",
      "type": "asset",
      "cacheable": false,
      "url": "/packages/es5-shim/es5-shim-sham.js",
      "size": 107174,
      "hash": "c75e7bf8f84078ec1aac4edd37d060bb60ef8fc2"
    },
    {
      "path": "packages/es5-shim/es5-shim-sham.min.js",
      "where": "client",
      "type": "asset",
      "cacheable": false,
      "url": "/packages/es5-shim/es5-shim-sham.min.js",
      "size": 27347,
      "hash": "f611834e690a71f04d03591a455670d90218faaa"
    },
    {
      "path": "head.html",
      "where": "internal",
      "type": "head",
      "hash": "63cfda6a3befd8d7f3608b7e653396aa4a3f5109"
    }
  ]
}